eid	GMid	GMmapSYS	IGGe	Inode3f	IGGne05
6288	6288	SAA1	0.201030529902311	1	0.600515264951155
4914	4914	NTRK1	1	0.1015625	0.55078125
6289	6289	SAA2	0.108634069538135	0.982802646183548	0.545718357860842
1401	1401	CRP	0.291647839266997	0.658957054846182	0.47530244705659
1956	1956	EGFR	0.455296460852321	0.393736981972276	0.424516721412299
9509	9509	ADAMTS2	0.164020630772049	0.640180946199732	0.402100788485891
2316	2316	FLNA	0.326452802479204	0.459701325606037	0.393077064042621
6036	6036	RNASE2	0.307553211734107	0.471083448521088	0.389318330127597
3240	3240	HP	0.366315066282678	0.387790730439111	0.377052898360895
2335	2335	FN1	0.438626677893039	0.306807537489453	0.372717107691246
260436	260436	FDCSP	0.0680877009906594	0.667188934469524	0.367638317730091
710	710	SERPING1	0.439072039639815	0.252155930157425	0.34561398489862
325	325	APCS	0.394072324742405	0.294340354335554	0.344206339538979
335	335	APOA1	0.558959177532913	0.107985770457889	0.333472473995401
1178	1178	CLC	0.271399624357094	0.394439441270661	0.332919532813877
12	12	SERPINA3	0.326821501774838	0.33660487285806	0.331713187316449
3929	3929	LBP	0.274350826046429	0.384344779214406	0.329347802630418
7123	7123	CLEC3B	0.111318225060233	0.535584105322068	0.323451165191151
6351	6351	CCL4	0.335248868715023	0.311406755742366	0.323327812228694
1514	1514	CTSL	0.3427820214958	0.285714285714286	0.314248153605043
717	717	C2	0.449648902831939	0.168824535835162	0.30923671933355
5265	5265	SERPINA1	0.501634000366373	0.11324460040064	0.307439300383506
3627	3627	CXCL10	0.277152544642187	0.333851039969317	0.305501792305752
3699	3699	ITIH3	0.391178166422637	0.217313143993582	0.30424565520811
1508	1508	CTSB	0.321387318516096	0.285714285714286	0.303550802115191
383	383	ARG1	0.395583104534511	0.207142857142857	0.301362980838684
4128	4128	MAOA	0.298593854758916	0.300967261904762	0.299780558331839
735	735	C9	0.244647764195589	0.351521312082546	0.298084538139067
8338	8338	HIST2H2AC	0.0246874568656661	0.567459439471796	0.296073448168731
2108	2108	ETFA	0.182714118372565	0.409023251677359	0.295868685024962
5004	5004	ORM1	0.252589694052206	0.334647185053596	0.293618439552901
1071	1071	CETP	0.283206269309809	0.303613377403913	0.293409823356861
6402	6402	SELL	0.332551324757462	0.253992979591394	0.293272152174428
213	213	ALB	0.480443277836227	0.105929693190187	0.293186485513207
3959	3959	LGALS3BP	0.270082642289523	0.307555008867011	0.288818825578267
8407	8407	TAGLN2	0.162957868010352	0.409248332989507	0.286103100499929
1116	1116	CHI3L1	0.321536413068635	0.25003814678208	0.285787279925358
3020	3020	H3F3A	0.0903127716205821	0.475161143893972	0.282736957757277
3486	3486	IGFBP3	0.343028344195655	0.218056410988383	0.280542377592019
1441	1441	CSF3R	0.431902191713692	0.127245498694124	0.279573845203908
629	629	CFB	0.419148551415782	0.137446394839406	0.278297473127594
713	713	C1QB	0.367511859845672	0.1875	0.277505929922836
7412	7412	VCAM1	0.474883069766196	0.0801086487924601	0.277495859279328
3273	3273	HRG	0.325201959040753	0.229073497929104	0.277137728484928
6279	6279	S100A8	0.405907007570983	0.146460746918477	0.27618387724473
3936	3936	LCP1	0.208732574661211	0.337775727097174	0.273254150879193
929	929	CD14	0.383318078197038	0.161038157669719	0.272178117933379
2621	2621	GAS6	0.227741819365687	0.315340921412664	0.271541370389176
6283	6283	S100A12	0.338173753807073	0.204869817779133	0.271521785793103
7079	7079	TIMP4	0.215092135906504	0.325892857142857	0.270492496524681
3434	3434	IFIT1	0.353469482723533	0.185761961883659	0.269615722303596
6045	6045	RNF2	0.25101953800481	0.285065517524381	0.268042527764596
6037	6037	RNASE3	0.229608832799765	0.303429221236835	0.2665190270183
7057	7057	THBS1	0.21559150562353	0.316636748597396	0.266114127110463
2896	2896	GRN	0.353543854529656	0.176575106705501	0.265059480617579
3437	3437	IFIT3	0.361935200208729	0.166979067695603	0.264457133952166
6999	6999	TDO2	0.327954617082484	0.2	0.263977308541242
1356	1356	CP	0.442036443052223	0.0847971230643411	0.263416783058282
23650	23650	TRIM29	0.256181005043136	0.26808313964019	0.262132072341663
2207	2207	FCER1G	0.324674290306254	0.197927879440162	0.261301084873208
9470	9470	EIF4E2	0.117883545713459	0.401610544626392	0.259747045169926
3698	3698	ITIH2	0.406430019889912	0.112932466671366	0.259681243280639
6236	6236	RRAD	0.160393991538464	0.355163892076426	0.257778941807445
58189	58189	WFDC1	0.174340038715342	0.337053571428572	0.255696805071957
8294	8294	HIST1H4I	0.118696712402512	0.390063695037883	0.254380203720197
3162	3162	HMOX1	0.364970189905728	0.142857142857143	0.253913666381435
11326	11326	VSIG4	0.25169436706265	0.25483630952381	0.25326533829323
3576	3576	CXCL8	0.347530796967462	0.158854166666667	0.253192481817064
241	241	ALOX5AP	0.331690554049529	0.173095006422598	0.252392780236063
722	722	C4BPA	0.372923393276137	0.128091434638844	0.25050741395749
3732	3732	CD82	0.209342523575493	0.291368118980096	0.250355321277795
3347	3347	HTN3	0.122221225004168	0.378223084105437	0.250222154554803
9636	9636	ISG15	0.353800382641582	0.1462953207263	0.250047851683941
6525	6525	SMTN	0.17954079078482	0.320051374313509	0.249796082549165
350	350	APOH	0.338545406350092	0.159688155238214	0.249116780794153
7450	7450	VWF	0.283065452871595	0.214304567505249	0.248685010188422
337	337	APOA4	0.228951150688418	0.267659488521575	0.248305319604997
197	197	AHSG	0.348780735867437	0.145057396204161	0.246919066035799
285590	285590	SH3PXD2B	0.0614627234501814	0.431050670670097	0.246256697060139
3557	3557	IL1RN	0.315937734903478	0.176439486098567	0.246188610501022
2357	2357	FPR1	0.356713825206388	0.134523036026043	0.245618430616215
366	366	AQP9	0.324715954970857	0.164054485767341	0.244385220369099
6273	6273	S100A2	0.202025418855429	0.285905208509982	0.243965313682705
3697	3697	ITIH1	0.416568328241285	0.0703131268105283	0.243440727525907
7148	7148	TNXB	0.0764313521495291	0.409527806824807	0.242979579487168
6499	6499	SKIV2L	0.224321333847787	0.259793456946089	0.242057395396938
4360	4360	MRC1	0.257465714498343	0.2265625	0.242014107249172
4332	4332	MNDA	0.354040567089344	0.129939865370681	0.241990216230013
3872	3872	KRT17	0.103351801394262	0.379136512319825	0.241244156857044
5553	5553	PRG2	0.220828107345329	0.260442296918793	0.240635202132061
727	727	C5	0.374934734766887	0.101760472602207	0.238347603684547
2877	2877	GPX2	0.29868401242151	0.177691752026969	0.23818788222424
1577	1577	CYP3A5	0.173329180098875	0.301303019551257	0.237316099825066
634	634	CEACAM1	0.334053294834128	0.139235507820053	0.236644401327091
2153	2153	F5	0.350489513108841	0.122670193243546	0.236579853176194
51257	51257	MARCH2	0.205144575985797	0.267812172431416	0.236478374208606
2215	2215	FCGR3B	0.31525984213815	0.156415535611285	0.235837688874718
8216	8216	LZTR1	0.212508001786034	0.258886115646935	0.235697058716485
183	183	AGT	0.378728752928388	0.0906033407561761	0.234666046842282
6382	6382	SDC1	0.249423060093493	0.219866071428571	0.234644565761032
23500	23500	DAAM2	0.205513998564056	0.261352406505588	0.233433202534822
3485	3485	IGFBP2	0.295678241289108	0.169642857142857	0.232660549215982
5468	5468	PPARG	0.259570596541397	0.205357142857143	0.23246386969927
3064	3064	HTT	0.184960741958777	0.278571428571429	0.231766085265103
10581	10581	IFITM2	0.282025969307557	0.179901742300032	0.230963855803794
1369	1369	CPN1	0.360472244070702	0.101416037091496	0.230944140581099
714	714	C1QC	0.20537940131449	0.25478693079796	0.230083166056225
6699	6699	SPRR1B	0.251837603431679	0.207857501975149	0.229847552703414
4855	4855	NOTCH4	0.165424689931362	0.294163165311211	0.229793927621286
112	112	ADCY6	0.196930007300467	0.261508578024153	0.22921929266231
2	2	A2M	0.354889015317633	0.103050595238095	0.228969805277864
2160	2160	F11	0.319820047401735	0.137733543305047	0.228776795353391
5362	5362	PLXNA2	0.148284144491028	0.309133022560009	0.228708583525518
8836	8836	GGH	0.190731258076167	0.265597808120555	0.228164533098361
25802	25802	LMOD1	0.156896739287488	0.298954956866375	0.227925848076932
9452	9452	ITM2A	0.19554249446321	0.259364836481889	0.22745366547255
8839	8839	WISP2	0.158467426499222	0.296152967704147	0.227310197101684
23492	23492	CBX7	0.177990098624138	0.276419476202251	0.227204787413195
3690	3690	ITGB3	0.154073117434488	0.299771599801676	0.226922358618082
2200	2200	FBN1	0.310524983898834	0.142857142857143	0.226691063377988
23644	23644	EDC4	0.176198424360821	0.277074118527637	0.226636271444229
3708	3708	ITPR1	0.188342763736962	0.264759509223355	0.226551136480158
2243	2243	FGA	0.256006834800209	0.196675086499733	0.226340960649971
5743	5743	PTGS2	0.340414471493543	0.111979166666667	0.226196819080105
10120	10120	ACTR1B	0.168338200987761	0.283802186986934	0.226070193987348
7113	7113	TMPRSS2	0.165933006182433	0.285714285714286	0.22582364594836
22844	22844	FRMPD1	0.0703781950442734	0.381030195050724	0.225704195047499
5005	5005	ORM2	0.29465589765149	0.155978707481026	0.225317302566258
2644	2644	GCHFR	0.189308489918914	0.257299154486349	0.223303822202631
64112	64112	MOAP1	0.172357100220154	0.273880749241878	0.223118924731016
9925	9925	ZBTB5	0.181013366446939	0.264943048232035	0.222978207339487
3561	3561	IL2RG	0.242995147681064	0.202776290958752	0.222885719319908
6257	6257	RXRB	0.171148975223028	0.274190758061444	0.222669866642236
9646	9646	CTR9	0.185943334974327	0.25841615556299	0.222179745268659
537	537	ATP6AP1	0.262239433950172	0.181929181929182	0.222084307939677
5950	5950	RBP4	0.291299243767062	0.151835668630244	0.221567456198653
6284	6284	S100A13	0.131007216082214	0.311648881832296	0.221328048957255
1359	1359	CPA3	0.255496999403053	0.185639880952381	0.220568440177717
7508	7508	XPC	0.178950178465435	0.261642996244294	0.220296587354864
4060	4060	LUM	0.244481792415441	0.194969582542869	0.219725687479155
415	415	ARSE	0.233852273873426	0.204678173581004	0.219265223727215
2523	2523	FUT1	0.183945775865976	0.254370149041723	0.219157962453849
5327	5327	PLAT	0.295117819330021	0.142857142857143	0.218987481093582
4973	4973	OLR1	0.250948185962677	0.186352643614936	0.218650414788807
23187	23187	PHLDB1	0.117520814156234	0.319369390370145	0.21844510226319
6035	6035	RNASE1	0.158086275020362	0.27827380952381	0.218180042272086
597	597	BCL2A1	0.2582828535859	0.17764055623739	0.217961704911645
80148	80148	PQLC1	0.166179328920268	0.268699985714399	0.217439657317334
2004	2004	ELK3	0.171391126303727	0.263021654367174	0.21720639033545
10321	10321	CRISP3	0.178891462305794	0.255383964069275	0.217137713187535
23368	23368	PPP1R13B	0.156828856521829	0.276435533452764	0.216632194987296
9332	9332	CD163	0.248933080219504	0.183779761904762	0.216356421062133
5341	5341	PLEK	0.24532673706449	0.18709139866947	0.21620906786698
7018	7018	TF	0.293211249740626	0.138628768592648	0.215920009166637
64411	64411	ARAP3	0.142733420000035	0.288861008822547	0.215797214411291
22899	22899	ARHGEF15	0.124163853854216	0.304467319511196	0.214315586682706
113791	113791	PIK3IP1	0.148470847132104	0.279837412815215	0.21415412997366
291	291	SLC25A4	0.152651273977054	0.275556976576455	0.214104125276754
3426	3426	CFI	0.355367058600708	0.0726136818711968	0.213990370235952
1475	1475	CSTA	0.293967766722194	0.133664321716615	0.213816044219404
5352	5352	PLOD2	0.284315302289392	0.142857142857143	0.213586222573268
3026	3026	HABP2	0.255393638523484	0.171762118280573	0.213577878402029
10915	10915	TCERG1	0.14661475937327	0.280438688196002	0.213526723784636
1066	1066	CES1	0.183318084590431	0.242931547619048	0.213124816104739
5196	5196	PF4	0.334746622389033	0.0913467540358216	0.213046688212427
6355	6355	CCL8	0.22234882810359	0.203308342436851	0.21282858527022
1408	1408	CRY2	0.157834660642239	0.266693588574223	0.212264124608231
22980	22980	TCF25	0.11811530422659	0.306277789036354	0.212196546631472
9701	9701	PPP6R2	0.160384334476929	0.262793068162579	0.211588701319754
4242	4242	MFNG	0.151025246253764	0.27202493734325	0.211525091798507
5447	5447	POR	0.206022801092784	0.216691804927099	0.211357303009942
9064	9064	MAP3K6	0.104305535001967	0.318102762682691	0.211204148842329
6909	6909	TBX2	0.149071074354613	0.272996515226599	0.211033794790606
5228	5228	PGF	0.161191959183221	0.260340472886415	0.210766216034818
10216	10216	PRG4	0.280617381948684	0.140818080294271	0.210717731121477
8642	8642	DCHS1	0.147420995573913	0.273467178500355	0.210444087037134
27232	27232	GNMT	0.192244195733286	0.228571428571429	0.210407812152357
2876	2876	GPX1	0.277891795177789	0.142857142857143	0.210374469017466
22906	22906	TRAK1	0.143232247443412	0.275945989399511	0.209589118421462
5197	5197	PF4V1	0.235114995849519	0.18352845950094	0.209321727675229
731	731	C8A	0.348990831559205	0.0693613189767902	0.209176075267997
955	955	ENTPD6	0.156055246393219	0.261663778502022	0.20885951244762
6507	6507	SLC1A3	0.19018100966347	0.227306547619048	0.208743778641259
8322	8322	FZD4	0.139108942372548	0.278353212840155	0.208731077606351
6794	6794	STK11	0.245232210562398	0.171428571428571	0.208330390995485
51285	51285	RASL12	0.146833930511403	0.268867875453874	0.207850902982639
6904	6904	TBCD	0.127862884049929	0.287464715001257	0.207663799525593
2219	2219	FCN1	0.288620908789747	0.126615442418511	0.207618175604129
3704	3704	ITPA	0.159145439599596	0.255801434060881	0.207473436830238
10956	10956	OS9	0.271640053906012	0.142857142857143	0.207248598381577
9324	9324	HMGN3	0.151787803427972	0.262154213627549	0.206971008527761
3934	3934	LCN2	0.31111367780159	0.102420455361632	0.206767066581611
4938	4938	OAS1	0.231501162803217	0.181625401709196	0.206563282256206
729	729	C6	0.254396209658989	0.15758380654498	0.205990008101984
2078	2078	ERG	0.161918703489272	0.25	0.205959351744636
24144	24144	TFIP11	0.143106244717813	0.268290568162551	0.205698406440182
4680	4680	CEACAM6	0.282864052516837	0.128133304603893	0.205498678560365
5473	5473	PPBP	0.325699524580319	0.0846783878139663	0.205188956197143
931	931	MS4A1	0.202507682474046	0.206473214285714	0.20449044837988
9905	9905	SGSM2	0.140267972531869	0.266619299179578	0.203443635855723
3777	3777	KCNK3	0.112707139671011	0.294105524821986	0.203406332246498
6356	6356	CCL11	0.228957887045571	0.177735495496224	0.203346691270897
2580	2580	GAK	0.110318237192804	0.295998249357871	0.203158243275338
23643	23643	LY96	0.243719460655804	0.162037293354486	0.202878377005145
2852	2852	GPER1	0.226883391241177	0.178571428571429	0.202727409906303
4236	4236	MFAP1	0.14295908142566	0.262139981322022	0.202549531373841
6405	6405	SEMA3F	0.115193831560458	0.289686729813897	0.202440280687178
51083	51083	GAL	0.132914350587997	0.270132570560828	0.201523460574413
94	94	ACVRL1	0.257556720507188	0.144717261904762	0.201136991205975
25966	25966	C2CD2	0.135093773362005	0.266992868782094	0.20104332107205
6948	6948	TCN2	0.258798025453055	0.143229166666667	0.201013596059861
3433	3433	IFIT2	0.228328545008672	0.172926032560146	0.200627288784409
10960	10960	LMAN2	0.158153482934928	0.242398306417158	0.200275894676043
5199	5199	CFP	0.290832188067531	0.109680101864787	0.200256144966159
966	966	CD59	0.312722796387279	0.0877708209823901	0.200246808684834
838	838	CASP5	0.205133053952598	0.193877828478844	0.199505441215721
9673	9673	SLC25A44	0.110306525003646	0.287847153361668	0.199076839182657
6354	6354	CCL7	0.228185646983052	0.169772274722077	0.198978960852564
23220	23220	DTX4	0.13499480383174	0.262779956250535	0.198887380041138
4015	4015	LOX	0.253531048582916	0.142857142857143	0.198194095720029
5267	5267	SERPINA4	0.249999701520344	0.14581185856207	0.197905780041207
2040	2040	STOM	0.252807617529234	0.142857142857143	0.197832380193188
27352	27352	SGSM3	0.13752026392566	0.257855296420451	0.197687780173055
481	481	ATP1B1	0.25190346303668	0.142857142857143	0.197380302946912
4317	4317	MMP8	0.208815489179499	0.185201140620898	0.197008314900199
336	336	APOA2	0.286304602210392	0.107431938414765	0.196868270312579
8227	8227	AKAP17A	0.1312500691068	0.261846774164891	0.196548421635845
9975	9975	NR1D2	0.13311117065287	0.259765173316199	0.196438171984534
978	978	CDA	0.241895144830718	0.149852139988406	0.195873642409562
26051	26051	PPP1R16B	0.133761055888795	0.257914115391676	0.195837585640235
866	866	SERPINA6	0.290637171863614	0.100992425079142	0.195814798471378
10253	10253	SPRY2	0.211919790502141	0.178943452380952	0.195431621441547
5552	5552	SRGN	0.247185317676798	0.143503727644541	0.19534452266067
5507	5507	PPP1R3C	0.129488713767946	0.260574486700033	0.195031600233989
10392	10392	NOD1	0.124281070127463	0.265710251124061	0.194995660625762
5564	5564	PRKAB1	0.12371606163702	0.264875472811507	0.194295767224264
9590	9590	AKAP12	0.22968809681738	0.158482142857143	0.194085119837262
2811	2811	GP1BA	0.269240798246068	0.11773760203294	0.193489200139504
3632	3632	INPP5A	0.104865724330178	0.281554444686717	0.193210084508448
222658	222658	KCTD20	0.102701539100085	0.28340798268452	0.193054760892303
59272	59272	ACE2	0.0996859743027649	0.285714285714286	0.192700130008525
64760	64760	FAM160B2	0.120021913651253	0.265082332734872	0.192552123193063
6779	6779	STATH	0.166471508299437	0.218343747755512	0.192407628027475
2537	2537	IFI6	0.18350832670237	0.201261567928527	0.192384947315448
4600	4600	MX2	0.223336015677052	0.161373399078871	0.192354707377962
10529	10529	NEBL	0.125837559683782	0.2588499154528	0.192343737568291
27166	27166	PRELID1	0.0930953811882457	0.291427962345562	0.192261671766904
1311	1311	COMP	0.211563201203958	0.172829994976906	0.192196598090432
115330	115330	GPR146	0.0990721561198354	0.284854133505175	0.191963144812505
247	247	ALOX15B	0.165495530115937	0.218377976190476	0.191936753153207
116844	116844	LRG1	0.129494348562513	0.25358861710736	0.191541482834936
26036	26036	ZNF451	0.118430731811288	0.264321837627457	0.191376284719373
3759	3759	KCNJ2	0.235443203699774	0.146544590992105	0.190993897345939
1460	1460	CSNK2B	0.23805093251601	0.142857142857143	0.190454037686577
166	166	AES	0.197097332758097	0.183365653953889	0.190231493355993
540	540	ATP7B	0.240438432378794	0.139757242876629	0.190097837627711
6947	6947	TCN1	0.27415633543004	0.104910714285714	0.189533524857877
4097	4097	MAFG	0.0948135676427681	0.284138453177713	0.18947601041024
51477	51477	ISYNA1	0.114750620937147	0.264169515115281	0.189460068026214
3586	3586	IL10	0.226251650036163	0.152529761904762	0.189390705970463
10411	10411	RAPGEF3	0.0962748123138605	0.282148706242753	0.189211759278307
26472	26472	PPP1R14B	0.0924388977430926	0.285772778885373	0.189105838314233
759	759	CA1	0.205265584363872	0.172752503623375	0.189009043993623
6548	6548	SLC9A1	0.120391932207661	0.257282322062067	0.188837127134864
11005	11005	SPINK5	0.244579722101517	0.132873662285427	0.188726692193472
1173	1173	AP2M1	0.234509099713247	0.142857142857143	0.188683121285195
55830	55830	GLT8D1	0.119662774433817	0.257332731165395	0.188497752799606
57553	57553	MICAL3	0.109489940938543	0.267351899203361	0.188420920070952
23192	23192	ATG4B	0.0924278149549682	0.284115240115175	0.188271527535072
9842	9842	PLEKHM1	0.112714761924519	0.263421699118681	0.1880682305216
3083	3083	HGFAC	0.287571587376749	0.0882513927851711	0.18791149008096
5118	5118	PCOLCE	0.253506972977411	0.122142136464409	0.18782455472091
79228	79228	THOC6	0.077228503275737	0.298124027838737	0.187676265557237
2022	2022	ENG	0.29152734008151	0.0834759357045493	0.18750163789303
6348	6348	CCL3	0.219683951914378	0.154761107810744	0.187222529862561
10261	10261	IGSF6	0.203100876331492	0.170848273785596	0.186974575058544
56949	56949	XAB2	0.0616521536012374	0.312200794579458	0.186926474090348
5768	5768	QSOX1	0.302870779752328	0.0706744236156001	0.186772601683964
4084	4084	MXD1	0.236318663449162	0.137151266527973	0.186734964988568
951	951	CD37	0.247160019021584	0.125969370547763	0.186564694784674
10457	10457	GPNMB	0.20627729756173	0.166666666666667	0.186471982114198
25777	25777	SUN2	0.229215824995556	0.142857142857143	0.186036483926349
546	546	ATRX	0.116497178217703	0.255457509841536	0.18597734402962
23646	23646	PLD3	0.228937460218953	0.142857142857143	0.185897301538048
9002	9002	F2RL3	0.111294902381174	0.260304889321846	0.18579989585151
10964	10964	IFI44L	0.239050602403936	0.132394180927279	0.185722391665608
3488	3488	IGFBP5	0.234692866014614	0.136551758227726	0.18562231212117
3820	3820	KLRB1	0.282467938473253	0.0881696428571429	0.185318790665198
4642	4642	MYO1D	0.106094982338969	0.263890402175791	0.18499269225738
5577	5577	PRKAR2B	0.226925762977041	0.142857142857143	0.184891452917092
64344	64344	HIF3A	0.087497567650335	0.282220989556511	0.184859278603423
4915	4915	NTRK2	0.111840435900912	0.257289176321345	0.184564806111128
6927	6927	HNF1A	0.147023520940385	0.221428571428571	0.184226046184478
55007	55007	FAM118A	0.104712646757241	0.263256083868034	0.183984365312638
1588	1588	CYP19A1	0.136777184615008	0.231159393611485	0.183968289113247
6372	6372	CXCL6	0.25263265220778	0.114917761976586	0.183775207092183
4776	4776	NFATC4	0.106672632149453	0.260717234603016	0.183694933376235
9891	9891	NUAK1	0.192072250580948	0.175223214285714	0.183647732433331
7124	7124	TNF	0.229088819551757	0.138119971644815	0.183604395598286
7454	7454	WAS	0.219284461336496	0.146977200345536	0.183130830841016
5610	5610	EIF2AK2	0.193173763202512	0.172688504654326	0.182931133928419
399	399	RHOH	0.20633609360713	0.15938735096193	0.18286172228453
51061	51061	TXNDC11	0.0871664808679733	0.278208328041069	0.182687404454521
57413	57413	TMIGD3	0.0571548101377522	0.307862327623357	0.182508568880555
1370	1370	CPN2	0.201699264100837	0.162986974087077	0.182343119093957
9188	9188	DDX21	0.221626525312821	0.142857142857143	0.182241834084982
2944	2944	GSTM1	0.178081793296337	0.186383928571429	0.182232860933883
7049	7049	TGFBR3	0.285244383449311	0.0788690476190476	0.182056715534179
27106	27106	ARRDC2	0.0443597274817342	0.319740046479202	0.182049886980468
79586	79586	CHPF	0.220742170081578	0.142857142857143	0.18179965646936
5654	5654	HTRA1	0.208007221525777	0.155505952380952	0.181756586953365
1435	1435	CSF1	0.184855279539352	0.178571428571429	0.18171335405539
6678	6678	SPARC	0.260978808202988	0.102190856163242	0.181584832183115
55743	55743	CHFR	0.107529433693559	0.255062405089745	0.181295919391652
5055	5055	SERPINB2	0.231103311402622	0.13143719026072	0.181270250831671
3939	3939	LDHA	0.212301378725689	0.150143195581717	0.181222287153703
10577	10577	NPC2	0.219254141146014	0.142857142857143	0.181055642001578
57572	57572	DOCK6	0.0534988849557437	0.30783463354476	0.180666759250252
54461	54461	FBXW5	0.0795743749289157	0.281695209626619	0.180634792277768
4481	4481	MSR1	0.222411175628037	0.138764880952381	0.180588028290209
55795	55795	PCID2	0.0936942238930633	0.266873373956806	0.180283798924935
55720	55720	TSR1	0.104487216550882	0.255775352131225	0.180131284341054
7031	7031	TFF1	0.196996895988501	0.163183222006751	0.180090058997626
9356	9356	SLC22A6	0.088665508338139	0.271428571428571	0.180047039883355
2677	2677	GGCX	0.217124330910043	0.142857142857143	0.179990736883593
9368	9368	SLC9A3R1	0.21666390318383	0.142857142857143	0.179760523020487
2624	2624	GATA2	0.0884733501643661	0.269528728670306	0.179001039417336
1117	1117	CHI3L2	0.213926743498458	0.14400445313377	0.178965598316114
4599	4599	MX1	0.22777298519314	0.129740441148816	0.178756713170978
3458	3458	IFNG	0.28027583204355	0.0762648809523809	0.178270356497966
26253	26253	CLEC4E	0.133936859061207	0.221995065870953	0.17796596246608
57584	57584	ARHGAP21	0.091785019491554	0.264116520686118	0.177950770088836
567	567	B2M	0.201907671740679	0.15382840983218	0.177868040786429
1786	1786	DNMT1	0.212439302691729	0.142857142857143	0.177648222774436
83606	83606	GUCD1	0.0721793787450543	0.283047124192567	0.177613251468811
51665	51665	ASB1	0.094549580935528	0.260657380746338	0.177603480840933
11001	11001	SLC27A2	0.211605085351836	0.142857142857143	0.17723111410449
7841	7841	MOGS	0.209830393819768	0.142857142857143	0.176343768338456
8542	8542	APOL1	0.206872375571017	0.145679740290476	0.176276057930746
6698	6698	SPRR1A	0.156962216998047	0.195216548157725	0.176089382577886
5538	5538	PPT1	0.208534511024473	0.142857142857143	0.175695826940808
55072	55072	RNF31	0.0948472605061915	0.256365618422839	0.175606439464515
5976	5976	UPF1	0.162361275235403	0.188680600445306	0.175520937840355
51293	51293	CD320	0.0893095142860287	0.261161415331321	0.175235464808675
4327	4327	MMP19	0.185656450020686	0.164434523809524	0.175045486915105
5817	5817	PVR	0.0916566172053746	0.257982676190323	0.174819646697849
50486	50486	G0S2	0.218895108337422	0.130580357142857	0.17473773274014
374	374	AREG	0.18996641662501	0.15922619047619	0.1745963035506
79709	79709	COLGALT1	0.166625410189596	0.182360123536594	0.174492766863095
5187	5187	PER1	0.0479405081433067	0.300680315790179	0.174310411966743
9047	9047	SH2D2A	0.204545858806701	0.142857142857143	0.173701500831922
55716	55716	LMBR1L	0.0720301014427636	0.275352133720351	0.173691117581557
10525	10525	HYOU1	0.204248132178134	0.142857142857143	0.173552637517638
1291	1291	COL6A1	0.203929260004321	0.142857142857143	0.173393201430732
51338	51338	MS4A4A	0.197114218354087	0.149553571428571	0.173333894891329
7038	7038	TG	0.131449046606239	0.214285714285714	0.172867380445977
34	34	ACADM	0.202756084583755	0.142857142857143	0.172806613720449
3688	3688	ITGB1	0.201011207296917	0.142857142857143	0.17193417507703
127435	127435	PODN	0.0797704028081126	0.263406364833452	0.171588383820782
2327	2327	FMO2	0.226880661705568	0.115923292393881	0.171401977049725
4939	4939	OAS2	0.184743378580937	0.157957146661519	0.171350262621228
64943	64943	NT5DC2	0.0753142190071629	0.26729516108226	0.171304690044711
22797	22797	TFEC	0.186207563326493	0.156377051705958	0.171292307516225
8731	8731	RNMT	0.0701033965717919	0.272367748070411	0.171235572321101
6423	6423	SFRP2	0.0611579196523169	0.280802102242264	0.170980010947291
55316	55316	RSAD1	0.0781762196247247	0.263139048164547	0.170657633894636
8519	8519	IFITM1	0.210054585227151	0.131191267553479	0.170622926390315
65982	65982	ZSCAN18	0.0825842176397016	0.258020414560899	0.1703023161003
11262	11262	SP140	0.173406996721997	0.166705532305927	0.170056264513962
387	387	RHOA	0.19701050887636	0.142857142857143	0.169933825866751
3700	3700	ITIH4	0.239865650788754	0.0992383923729786	0.169552021580866
27147	27147	DENND2A	0.0779971342110631	0.261072966357847	0.169535050284455
80325	80325	ABTB1	0.0727663893687743	0.26628334039063	0.169524864879702
5422	5422	POLA1	0.195808072137757	0.142857142857143	0.16933260749745
10809	10809	STARD10	0.0681058604416745	0.270497115491787	0.169301487966731
440689	440689	HIST2H2BF	0.0192535459907774	0.318603127404725	0.168928336697751
169611	169611	OLFML2A	0.149983329339114	0.187872023809524	0.168927676574319
8480	8480	RAE1	0.194947408984415	0.142857142857143	0.168902275920779
54880	54880	BCOR	0.0722381373796117	0.265356372785945	0.168797255082778
4218	4218	RAB8A	0.194258292459817	0.142857142857143	0.16855771765848
23252	23252	OTUD3	0.0747112552732842	0.261952659813199	0.168331957543241
2963	2963	GTF2F2	0.193776826432774	0.142857142857143	0.168316984644958
3481	3481	IGF2	0.208959237779562	0.127620290938495	0.168289764359028
134266	134266	GRPEL2	0.0512341705873534	0.284835449211556	0.168034809899455
1048	1048	CEACAM5	0.185826436851496	0.149680384974503	0.167753410912999
7103	7103	TSPAN8	0.233056639848683	0.10198951375422	0.167523076801451
83857	83857	TMTC1	0.0744566838180707	0.26058053709718	0.167518610457625
273	273	AMPH	0.182402606645991	0.152529761904762	0.167466184275376
29781	29781	NCAPH2	0.0750029464124685	0.259808275274073	0.167405610843271
4940	4940	OAS3	0.157124792494011	0.177280536578279	0.167202664536145
6310	6310	ATXN1	0.212234549363275	0.121428571428571	0.166831560395923
608	608	TNFRSF17	0.191120444403922	0.142485119047619	0.16680278172577
3931	3931	LCAT	0.238507954773075	0.0949027357559576	0.166705345264516
4811	4811	NID1	0.252456414158056	0.0804100994878943	0.166433256822975
10516	10516	FBLN5	0.189982533545286	0.142857142857143	0.166419838201214
2717	2717	GLA	0.189790073559064	0.142857142857143	0.166323608208103
6535	6535	SLC6A8	0.168178480046721	0.164285714285714	0.166232097166218
104	104	ADARB1	0.150481254174694	0.181849394878208	0.166165324526451
5268	5268	SERPINB5	0.196753580360802	0.135315664727429	0.166034622544116
57817	57817	HAMP	0.174220153991873	0.157423098077317	0.165821626034595
57142	57142	RTN4	0.188427934262008	0.142857142857143	0.165642538559575
55301	55301	OLAH	0.110289832171613	0.220982142857143	0.165635987514378
4240	4240	MFGE8	0.188397677815551	0.142857142857143	0.165627410336347
53829	53829	P2RY13	0.105716736625476	0.225365971551233	0.165541354088354
64689	64689	GORASP1	0.187743194932628	0.142857142857143	0.165300168894886
6388	6388	SDF2	0.18754137698171	0.142857142857143	0.165199259919427
26574	26574	AATF	0.187529637889662	0.142857142857143	0.165193390373403
6291	6291	SAA4	0.164958075439232	0.16524363222625	0.165100853832741
362	362	AQP5	0.222073630778351	0.10787904905552	0.164976339916935
10426	10426	TUBGCP3	0.186744511975654	0.142857142857143	0.164800827416399
960	960	CD44	0.23815442021897	0.0911400121449879	0.164647216181979
2181	2181	ACSL3	0.185823107387761	0.142857142857143	0.164340125122452
6728	6728	SRP19	0.185681508195709	0.142857142857143	0.164269325526426
23053	23053	ZSWIM8	0.0639497038019146	0.264346387499566	0.16414804565074
7466	7466	WFS1	0.185238835313701	0.142857142857143	0.164047989085422
338339	338339	CLEC4D	0.123514093346421	0.204116153318029	0.163815123332225
9411	9411	ARHGAP29	0.16858655758411	0.158854166666667	0.163720362125388
55602	55602	CDKN2AIP	0.0668096305041415	0.260389644645539	0.16359963757484
2220	2220	FCN2	0.196825936349174	0.129800827134796	0.163313381741985
6729	6729	SRP54	0.183742888446039	0.142857142857143	0.163300015651591
25989	25989	ULK3	0.0716219096472168	0.254745904870708	0.163183907258962
1459	1459	CSNK2A2	0.183423265909467	0.142857142857143	0.163140204383305
5878	5878	RAB5C	0.183220269099212	0.142857142857143	0.163038705978178
4758	4758	NEU1	0.182999575130881	0.142857142857143	0.162928358994012
8021	8021	NUP214	0.182516674705024	0.142857142857143	0.162686908781083
8796	8796	SCEL	0.178510729752413	0.145514616102851	0.162012672927632
1861	1861	TOR1A	0.180952292138178	0.142857142857143	0.16190471749766
1489	1489	CTF1	0.195221199573341	0.128335863385136	0.161778531479238
2568	2568	GABRP	0.19870289923173	0.124398477339654	0.161550688285692
7448	7448	VTN	0.244531029199225	0.0778586278035684	0.161194828501397
9908	9908	G3BP2	0.179367561111252	0.142857142857143	0.161112351984197
7060	7060	THBS4	0.179062271478838	0.143016283597393	0.161039277538115
2322	2322	FLT3	0.146464341894834	0.17485119047619	0.160657766185512
29920	29920	PYCR2	0.0466261969313929	0.274646895801812	0.160636546366602
3954	3954	LETM1	0.0670192055331936	0.254001428917394	0.160510317225294
57521	57521	RPTOR	0.0567339661977077	0.264285714285714	0.160509840241711
2201	2201	FBN2	0.178007471219415	0.142857142857143	0.160432307038279
196410	196410	METTL7B	0.0492503632870576	0.271494313004405	0.160372338145731
1084	1084	CEACAM3	0.143217602839202	0.17711639105685	0.160166996948026
8460	8460	TPST1	0.174814030549725	0.14546130952381	0.160137670036767
1960	1960	EGR3	0.186968113481777	0.132440476190476	0.159704294836127
5557	5557	PRIM1	0.176226021029281	0.142857142857143	0.159541581943212
23111	23111	SPG20	0.175914547378209	0.142857142857143	0.159385845117676
55076	55076	TMEM45A	0.120268522762444	0.19828869047619	0.159278606619317
9407	9407	TMPRSS11D	0.18022221681752	0.138044961574373	0.159133589195946
123096	123096	SLC25A29	0.0485887638616656	0.26937310690369	0.158980935382678
8993	8993	PGLYRP1	0.165540096114843	0.152269662612798	0.15890487936382
22915	22915	MMRN1	0.196370528468095	0.121303392104642	0.158836960286369
342035	342035	GLDN	0.0351909441650187	0.282366071428571	0.158778507796795
54809	54809	SAMD9	0.161487736333398	0.155473465982595	0.158480601157996
6046	6046	BRD2	0.173916692553287	0.142857142857143	0.158386917705215
9510	9510	ADAMTS1	0.173897854332852	0.142857142857143	0.158377498594998
949	949	SCARB1	0.173658998628343	0.142857142857143	0.158258070742743
2804	2804	GOLGB1	0.173515750865148	0.142857142857143	0.158186446861145
130617	130617	ZFAND2B	0.0508176235769624	0.265508666424074	0.158163145000518
10146	10146	G3BP1	0.173411826075676	0.142857142857143	0.15813448446641
23203	23203	PMPCA	0.173090430429734	0.142857142857143	0.157973786643439
3579	3579	CXCR2	0.19809037517278	0.117559523809524	0.157824949491152
11240	11240	PADI2	0.175265198731511	0.139320316466342	0.157292757598926
1727	1727	CYB5R3	0.171396838008911	0.142857142857143	0.157126990433027
5861	5861	RAB1A	0.171367423464671	0.142857142857143	0.157112283160907
54544	54544	CRCT1	0.136787353863266	0.177260647848883	0.157024000856075
658	658	BMPR1B	0.185276330783575	0.128564246211305	0.15692028849744
90864	90864	SPSB3	0.0464297463286617	0.266980646549686	0.156705196439174
3309	3309	HSPA5	0.233131335255432	0.0801865523336414	0.156658943794537
5216	5216	PFN1	0.212154969398116	0.100847015297434	0.156500992347775
5360	5360	PLTP	0.235713278974216	0.077213201884628	0.156463240429422
7350	7350	UCP1	0.069859100552127	0.242857142857143	0.156358121704635
3696	3696	ITGB8	0.1701746146312	0.142113095238095	0.156143854934648
1028	1028	CDKN1C	0.203583183121335	0.108630952380952	0.156107067751144
11190	11190	CEP250	0.168813481565546	0.142857142857143	0.155835312211344
50856	50856	CLEC4A	0.185294264573145	0.126239099422012	0.155766681997578
8453	8453	CUL2	0.168455296419555	0.142857142857143	0.155656219638349
3039	3039	HBA1	0.170286261499729	0.140203957062704	0.155245109281217
27071	27071	DAPP1	0.138286761392147	0.172190787203265	0.155238774297706
9518	9518	GDF15	0.167059440647833	0.142857142857143	0.154958291752488
5764	5764	PTN	0.192111959088915	0.117216117216117	0.154664038152516
5858	5858	PZP	0.216401312818893	0.0926339285714286	0.154517620695161
10157	10157	AASS	0.166161152390665	0.142857142857143	0.154509147623904
8733	8733	GPAA1	0.165656042445061	0.142857142857143	0.154256592651102
23649	23649	POLA2	0.164820279087844	0.142857142857143	0.153838710972493
23185	23185	LARP4B	0.164814452042057	0.142857142857143	0.1538357974496
1312	1312	COMT	0.163765459610263	0.142857142857143	0.153311301233703
113	113	ADCY7	0.252969478927535	0.053580406521583	0.153274942724559
1232	1232	CCR3	0.134825971862888	0.171502976190476	0.153164474026682
5176	5176	SERPINF1	0.234469836432291	0.0714843026092304	0.152977069520761
200014	200014	CC2D1B	0.0459300728052065	0.259630425133477	0.152780248969342
173	173	AFM	0.206573312406856	0.0986453099872079	0.152609311197032
10673	10673	TNFSF13B	0.138868808844045	0.16606432164248	0.152466565243263
4121	4121	MAN1A1	0.21147200070304	0.09289414155244	0.15218307112774
51156	51156	SERPINA10	0.180879722129401	0.122867124324307	0.151873423226854
1428	1428	CRYM	0.193772375048879	0.10989010989011	0.151831242469495
2045	2045	EPHA7	0.155644703696508	0.147831111319546	0.151737907508027
1773	1773	DNASE1	0.145229640450153	0.158212667833528	0.15172115414184
7090	7090	TLE3	0.160554644585531	0.142857142857143	0.151705893721337
2782	2782	GNB1	0.160374178034447	0.142857142857143	0.151615660445795
2548	2548	GAA	0.242630742966619	0.0604754722401781	0.151553107603399
8754	8754	ADAM9	0.160176673560043	0.142857142857143	0.151516908208593
10814	10814	CPLX2	0.0844099522915758	0.218366626562585	0.15138828942708
55735	55735	DNAJC11	0.159821095880169	0.142857142857143	0.151339119368656
27178	27178	IL37	0.0455308856919283	0.257142857142857	0.151336871417393
23225	23225	NUP210	0.11062910401595	0.191840838899662	0.151234971457806
81494	81494	CFHR5	0.14154300830905	0.160870327667024	0.151206667988037
523	523	ATP6V1A	0.159020382621371	0.142857142857143	0.150938762739257
3945	3945	LDHB	0.198215792586435	0.103640659241189	0.150928225913812
23636	23636	NUP62	0.15846213460573	0.142857142857143	0.150659638731436
9898	9898	UBAP2L	0.157878542548117	0.142857142857143	0.15036784270263
5304	5304	PIP	0.171579788108233	0.128707893413776	0.150143840761005
56339	56339	METTL3	0.0457640105680466	0.254423338409387	0.150093674488717
84898	84898	PLXDC2	0.207912927489979	0.0920610383743189	0.149986982932149
79080	79080	CCDC86	0.156869948161197	0.142857142857143	0.14986354550917
2867	2867	FFAR2	0.0925342005676496	0.206939855237415	0.149737027902532
6902	6902	TBCA	0.15655160906974	0.142857142857143	0.149704375963441
3615	3615	IMPDH2	0.156429125906864	0.142857142857143	0.149643134382003
10295	10295	BCKDK	0.155809303188701	0.142857142857143	0.149333223022922
9818	9818	NUP58	0.155143391704736	0.142857142857143	0.14900026728094
80777	80777	CYB5B	0.155054974836393	0.142857142857143	0.148956058846768
79679	79679	VTCN1	0.175210941298671	0.122674710910005	0.148942826104338
23077	23077	MYCBP2	0.15477872358884	0.142857142857143	0.148817933222991
6921	6921	TCEB1	0.154764554190955	0.142857142857143	0.148810848524049
161742	161742	SPRED1	0.036299413576524	0.260843367859498	0.148571390718011
9136	9136	RRP9	0.153322464757628	0.142857142857143	0.148089803807385
5962	5962	RDX	0.153161936445021	0.142857142857143	0.148009539651082
28983	28983	TMPRSS11E	0.129667374470424	0.166199813258637	0.147933593864531
1662	1662	DDX10	0.152494142613291	0.142857142857143	0.147675642735217
5566	5566	PRKACA	0.152107300369192	0.142857142857143	0.147482221613167
26353	26353	HSPB8	0.149531472253432	0.145370968900381	0.147451220576906
4363	4363	ABCC1	0.151915370604123	0.142857142857143	0.147386256730633
5898	5898	RALA	0.15180764244226	0.142857142857143	0.147332392649701
5608	5608	MAP2K6	0.143010543255722	0.151333710227923	0.147172126741822
400410	400410	ST20	0.0575161084229186	0.236793290709605	0.147154699566262
11340	11340	EXOSC8	0.151244242491459	0.142857142857143	0.147050692674301
5714	5714	PSMD8	0.151157156923724	0.142857142857143	0.147007149890433
10894	10894	LYVE1	0.153806546758431	0.140096042369998	0.146951294564215
30968	30968	STOML2	0.151032400726143	0.142857142857143	0.146944771791643
617	617	BCS1L	0.151017608934637	0.142857142857143	0.14693737589589
1080	1080	CFTR	0.186651246174657	0.107017165840695	0.146834206007676
26986	26986	PABPC1	0.150555836836176	0.142857142857143	0.14670648984666
3568	3568	IL5RA	0.11148699465236	0.181919642857143	0.146703318754752
55823	55823	VPS11	0.150410638961583	0.142857142857143	0.146633890909363
10280	10280	SIGMAR1	0.150346535007559	0.142857142857143	0.146601838932351
4343	4343	MOV10	0.150333814498069	0.142857142857143	0.146595478677606
4311	4311	MME	0.188457636432961	0.104166666666667	0.146312151549814
2625	2625	GATA3	0.211511347490569	0.0811011904761905	0.14630626898338
4928	4928	NUP98	0.149327013400852	0.142857142857143	0.146092078128997
3007	3007	HIST1H1D	0.125891145512865	0.165912518853695	0.14590183218328
27243	27243	CHMP2A	0.148943584392922	0.142857142857143	0.145900363625033
22981	22981	NINL	0.148211874085498	0.142857142857143	0.145534508471321
25940	25940	FAM98A	0.148140560346751	0.142857142857143	0.145498851601947
90139	90139	TSPAN18	0.0305914785956206	0.260169928962848	0.145380703779234
4140	4140	MARK3	0.147736066211062	0.142857142857143	0.145296604534102
4125	4125	MAN2B1	0.228007732788306	0.0624865330747684	0.145247132931537
5478	5478	PPIA	0.109414514855622	0.180986239726021	0.145200377290821
23266	23266	ADGRL2	0.17061251544053	0.11965811965812	0.145135317549325
440068	440068	CARD17	0.0681089442725246	0.222079407890362	0.145094176081443
2801	2801	GOLGA2	0.14685803858395	0.142857142857143	0.144857590720547
8715	8715	NOL4	0.133692317484619	0.155205309676213	0.144448813580416
51295	51295	ECSIT	0.146005950508532	0.142857142857143	0.144431546682837
64757	64757	MARC1	0.145819984310342	0.142857142857143	0.144338563583742
8737	8737	RIPK1	0.145741880687186	0.142857142857143	0.144299511772164
8409	8409	UXT	0.083660483215291	0.204280348850669	0.14397041603298
22895	22895	RPH3A	0.118282680844023	0.169532152577533	0.143907416710778
83729	83729	INHBE	0.144838350569573	0.142857142857143	0.143847746713358
7993	7993	UBXN8	0.14449073920902	0.142857142857143	0.143673941033081
161	161	AP2A2	0.144424163100922	0.142857142857143	0.143640652979032
1000	1000	CDH2	0.158157314324306	0.128986898868567	0.143572106596437
8877	8877	SPHK1	0.0941491477183472	0.192857142857143	0.143503145287745
2011	2011	MARK2	0.144131284753009	0.142857142857143	0.143494213805076
5862	5862	RAB2A	0.143827392830197	0.142857142857143	0.14334226784367
80303	80303	EFHD1	0.174056624519416	0.1119011707247	0.142978897622058
414332	414332	LCN10	0.0125313871076829	0.273248496372374	0.142889941740028
10199	10199	MPHOSPH10	0.142707194112966	0.142857142857143	0.142782168485054
3416	3416	IDE	0.142612624192774	0.142857142857143	0.142734883524959
53831	53831	GPR84	0.109887192562935	0.175531699185907	0.142709445874421
1397	1397	CRIP2	0.195736353589636	0.0896577380952381	0.142697045842437
3066	3066	HDAC2	0.142145780133534	0.142857142857143	0.142501461495338
5576	5576	PRKAR2A	0.141478648682615	0.142857142857143	0.142167895769879
80273	80273	GRPEL1	0.141002079956458	0.142857142857143	0.141929611406801
80231	80231	CXorf21	0.128009474608032	0.155733970202337	0.141871722405184
4884	4884	NPTX1	0.140714798460543	0.142857142857143	0.141785970658843
2787	2787	GNG5	0.140475386030785	0.142857142857143	0.141666264443964
9512	9512	PMPCB	0.13963833825995	0.142857142857143	0.141247740558546
4693	4693	NDP	0.16816602059022	0.114285714285714	0.141225867437967
3101	3101	HK3	0.225396438357928	0.0568842921784098	0.141140365268169
6854	6854	SYN2	0.0977974720425583	0.184151785714286	0.140974628878422
5910	5910	RAP1GDS1	0.139050538970085	0.142857142857143	0.140953840913614
57111	57111	RAB25	0.16041312063295	0.121381886087768	0.140897503360359
10897	10897	YIF1A	0.138531486984505	0.142857142857143	0.140694314920824
79572	79572	ATP13A3	0.138092965313436	0.142857142857143	0.140475054085289
23339	23339	VPS39	0.138056034228222	0.142857142857143	0.140456588542683
6707	6707	SPRR3	0.126864429039563	0.153989801048625	0.140427115044094
6853	6853	SYN1	0.125291582506895	0.155534246903527	0.140412914705211
1839	1839	HBEGF	0.221576821748063	0.0590390002154708	0.140307910981767
10844	10844	TUBGCP2	0.137744966551261	0.142857142857143	0.140301054704202
7458	7458	EIF4H	0.137342491904777	0.142857142857143	0.14009981738096
3008	3008	HIST1H1E	0.13097614799138	0.148531207354737	0.139753677673058
23765	23765	IL17RA	0.136600881890737	0.142857142857143	0.13972901237394
8975	8975	USP13	0.136557974110034	0.142857142857143	0.139707558483588
8820	8820	HESX1	0.100790536275169	0.178530489271544	0.139660512773356
23195	23195	MDN1	0.136381524901107	0.142857142857143	0.139619333879125
22999	22999	RIMS1	0.111437876196983	0.167779932485815	0.139608904341399
22802	22802	CLCA4	0.12976286599502	0.149393090569561	0.13957797828229
10463	10463	SLC30A9	0.136296163612413	0.142857142857143	0.139576653234778
9659	9659	PDE4DIP	0.136082240392624	0.142857142857143	0.139469691624883
200315	200315	APOBEC3A	0.0782773083431418	0.200356013106577	0.139316660724859
6731	6731	SRP72	0.135369823274657	0.142857142857143	0.1391134830659
23325	23325	KIAA1033	0.134983760416787	0.142857142857143	0.138920451636965
79053	79053	ALG8	0.134966133959506	0.142857142857143	0.138911638408325
23476	23476	BRD4	0.134961768538259	0.142857142857143	0.138909455697701
4927	4927	NUP88	0.134931112473103	0.142857142857143	0.138894127665123
8761	8761	PABPC4	0.134836560840547	0.142857142857143	0.138846851848845
64407	64407	RGS18	0.139588925410991	0.137959569413007	0.138774247411999
51439	51439	FAM8A1	0.134519297079773	0.142857142857143	0.138688219968458
89858	89858	SIGLEC12	0.0538082860461203	0.223214285714286	0.138511285880203
115362	115362	GBP5	0.128719245336147	0.147755030000931	0.138237137668539
9857	9857	CEP350	0.133490860690762	0.142857142857143	0.138174001773953
23107	23107	MRPS27	0.133216480871566	0.142857142857143	0.138036811864354
51449	51449	PCYOX1	0.0940785068050639	0.181577279638538	0.137827893221801
55700	55700	MAP7D1	0.132755776659601	0.142857142857143	0.137806459758372
51116	51116	MRPS2	0.132508578470063	0.142857142857143	0.137682860663603
9052	9052	GPRC5A	0.166564601921936	0.108309990662932	0.137437296292434
94005	94005	PIGS	0.131891030217205	0.142857142857143	0.137374086537174
4924	4924	NUCB1	0.215916423351572	0.0586080586080586	0.137262240979815
51454	51454	GULP1	0.166935966635679	0.107448107448107	0.137192037041893
9868	9868	TOMM70	0.131364011899645	0.142857142857143	0.137110577378394
7088	7088	TLE1	0.130547058195158	0.142857142857143	0.13670210052615
3346	3346	HTN1	0.0900796378190342	0.183150183150183	0.136614910484609
27284	27284	SULT1B1	0.12913045873774	0.143866388644519	0.13649842369113
55711	55711	FAR2	0.130001262191831	0.142857142857143	0.136429202524487
126393	126393	HSPB6	0.143146733726107	0.129613365447158	0.136380049586633
3778	3778	KCNMA1	0.108201668743057	0.164434523809524	0.13631809627629
2138	2138	EYA1	0.164151369412842	0.108453637865403	0.136302503639122
23071	23071	ERP44	0.129583240776445	0.142857142857143	0.136220191816794
63898	63898	SH2D4A	0.0842668714149226	0.1875	0.135883435707461
51103	51103	NDUFAF1	0.12874147396011	0.142857142857143	0.135799308408627
60681	60681	FKBP10	0.12863258618872	0.142857142857143	0.135744864522931
11098	11098	PRSS23	0.190089422843377	0.0811011904761905	0.135595306659784
55833	55833	UBAP2	0.128300515577151	0.142857142857143	0.135578829217147
10531	10531	PITRM1	0.126901082290715	0.142857142857143	0.134879112573929
10908	10908	PNPLA6	0.199061835886227	0.0700998348057172	0.134580835345972
51279	51279	C1RL	0.158097340970442	0.111036746363588	0.134567043667015
3281	3281	HSBP1	0.126009004796843	0.142857142857143	0.134433073826993
56915	56915	EXOSC5	0.125659021974988	0.142857142857143	0.134258082416065
10193	10193	RNF41	0.125634846613565	0.142857142857143	0.134245994735354
2934	GSN	GSN	0.111055201444819	0.157384360452425	0.134219780948622
23321	23321	TRIM2	0.165389277245282	0.102851396969044	0.134120337107163
1038	1038	CDR1	0.0716480681821081	0.195695214189291	0.1336716411857
50999	50999	TMED5	0.124070114245843	0.142857142857143	0.133463628551493
26064	26064	RAI14	0.153655570902593	0.113193995546937	0.133424783224765
79443	79443	FYCO1	0.123851008060782	0.142857142857143	0.133354075458963
55621	55621	TRMT1	0.123737946790199	0.142857142857143	0.133297544823671
23404	23404	EXOSC2	0.123725224888089	0.142857142857143	0.133291183872616
23085	23085	ERC1	0.123573889862839	0.142857142857143	0.133215516359991
10326	10326	SIRPB1	0.132942878792775	0.133208034406828	0.133075456599801
8614	8614	STC2	0.123143648648229	0.142857142857143	0.133000395752686
4477	4477	MSMB	0.148777297450162	0.116928822811176	0.132853060130669
6703	6703	SPRR2D	0.071733628931996	0.193780076133017	0.132756852532507
2744	2744	GLS	0.129676725358077	0.135714285714286	0.132695505536181
5558	5558	PRIM2	0.12223533977969	0.142857142857143	0.132546241318417
51552	51552	RAB14	0.122157721839162	0.142857142857143	0.132507432348152
24149	24149	ZNF318	0.121494511405392	0.142857142857143	0.132175827131268
49860	49860	CRNN	0.137930751708824	0.126409538174244	0.132170144941534
10142	10142	AKAP9	0.121311216569267	0.142857142857143	0.132084179713205
8540	8540	AGPS	0.120784036074753	0.142857142857143	0.131820589465948
6317	6317	SERPINB3	0.152090281296885	0.111470229117288	0.131780255207086
8546	8546	AP3B1	0.120525005880078	0.142857142857143	0.13169107436861
51097	51097	SCCPDH	0.120181816202629	0.142857142857143	0.131519479529886
8794	8794	TNFRSF10C	0.15547919567155	0.107514880952381	0.131497038311965
6938	6938	TCF12	0.119681959511636	0.142857142857143	0.131269551184389
5272	5272	SERPINB9	0.136064131943159	0.126417364414267	0.131240748178713
53347	53347	UBASH3A	0.119303242624085	0.142857142857143	0.131080192740614
9254	9254	CACNA2D2	0.18387895737866	0.0777529761904762	0.130815966784568
6923	6923	TCEB2	0.118721286831916	0.142857142857143	0.130789214844529
27346	27346	TMEM97	0.118135639330177	0.142857142857143	0.13049639109366
382	382	ARF6	0.117626263991437	0.142857142857143	0.13024170342429
993	993	CDC25A	0.109652658355166	0.150669642857143	0.130161150606154
55755	55755	CDK5RAP2	0.117320014913329	0.142857142857143	0.130088578885236
2047	2047	EPHB1	0.132230368432555	0.127232142857143	0.129731255644849
9429	9429	ABCG2	0.187639241512151	0.0714285714285714	0.129533906470361
79603	79603	CERS4	0.108984029236165	0.15	0.129492014618082
80142	80142	PTGES2	0.114473241186138	0.142857142857143	0.12866519202164
202309	202309	GAPT	0.0664226588856245	0.190893770656106	0.128658214770865
23509	23509	POFUT1	0.114122142577981	0.142857142857143	0.128489642717562
341640	341640	FREM2	0.0142499790045887	0.242569030434148	0.128409504719368
3908	3908	LAMA2	0.175314688275863	0.0811011904761905	0.128207939376026
10238	10238	DCAF7	0.11319310474754	0.142857142857143	0.128025123802342
84720	84720	PIGO	0.113074499082432	0.142857142857143	0.127965820969787
4046	4046	LSP1	0.199356946541032	0.0564533505709976	0.127905148556015
27248	27248	ERLEC1	0.112876163504947	0.142857142857143	0.127866653181045
56257	56257	MEPCE	0.112410968618208	0.142857142857143	0.127634055737675
55757	55757	UGGT2	0.11222369600933	0.142857142857143	0.127540419433237
64969	64969	MRPS5	0.112009659765751	0.142857142857143	0.127433401311447
114770	114770	PGLYRP2	0.102376551234626	0.152442655513955	0.127409603374291
2887	2887	GRB10	0.112481074176633	0.142113095238095	0.127297084707364
79666	79666	PLEKHF2	0.111369939100146	0.142857142857143	0.127113540978644
84302	84302	TMEM246	0.14116007820098	0.113050348344466	0.127105213272723
5046	5046	PCSK6	0.110989799043363	0.142857142857143	0.126923470950253
5116	5116	PCNT	0.11089179656123	0.142857142857143	0.126874469709187
26520	26520	TIMM9	0.110648838267218	0.142857142857143	0.12675299056218
79098	79098	C1orf116	0.136840099100462	0.116497881203764	0.126668990152113
9755	9755	TBKBP1	0.110404993823646	0.142857142857143	0.126631068340394
7068	7068	THRB	0.15079673259636	0.10213316095669	0.126464946776525
1650	1650	DDOST	0.197955848187234	0.0548732313438196	0.126414539765527
9648	9648	GCC2	0.109836779458181	0.142857142857143	0.126346961157662
51191	51191	HERC5	0.109716594308552	0.14282787877077	0.126272236539661
1399	1399	CRKL	0.117739206572797	0.134618447342913	0.126178826957855
51125	51125	GOLGA7	0.109440360240869	0.142857142857143	0.126148751549006
25873	25873	RPL36	0.109056959870275	0.142857142857143	0.125957051363709
28969	28969	BZW2	0.109005457420013	0.142857142857143	0.125931300138578
54850	54850	FBXL12	0.108257271769852	0.142857142857143	0.125557207313498
4856	4856	NOV	0.154248598721729	0.0967261904761905	0.12548739459896
4923	4923	NTSR1	0.105236431284076	0.145089285714286	0.125162858499181
773	773	CACNA1A	0.0747555491415408	0.175414033204993	0.125084791173267
79571	79571	GCC1	0.106829279083946	0.142857142857143	0.124843210970544
7042	7042	TGFB2	0.144386084591607	0.105293399411046	0.124839742001327
64374	64374	SIL1	0.106733704052779	0.142857142857143	0.124795423454961
27069	27069	GHITM	0.10658951190318	0.142857142857143	0.124723327380161
7468	7468	WHSC1	0.106417708798103	0.142857142857143	0.124637425827623
51199	51199	NIN	0.106284259358773	0.142857142857143	0.124570701107958
56605	56605	ERO1B	0.106100830710836	0.142857142857143	0.12447898678399
23787	23787	MTCH1	0.105519566354601	0.142857142857143	0.124188354605872
5318	5318	PKP2	0.10530671049591	0.142857142857143	0.124081926676527
29066	29066	ZC3H7A	0.105230195637189	0.142857142857143	0.124043669247166
28976	28976	ACAD9	0.105134057879846	0.142857142857143	0.123995600368495
84726	84726	PRRC2B	0.104093916233128	0.142857142857143	0.123475529545135
2822	2822	GPLD1	0.123385687641992	0.123407609950653	0.123396648796322
23307	23307	FKBP15	0.103605873367247	0.142857142857143	0.123231508112195
55118	55118	CRTAC1	0.0592200954052898	0.187173951375349	0.123197023390319
23367	23367	LARP1	0.103513848371866	0.142857142857143	0.123185495614504
2150	2150	F2RL1	0.102951837958518	0.142857142857143	0.122904490407831
9978	9978	RBX1	0.102755685408162	0.142857142857143	0.122806414132653
29110	29110	TBK1	0.102428564396699	0.142857142857143	0.122642853626921
79956	79956	ERMP1	0.102385079020434	0.142857142857143	0.122621110938789
11116	11116	FGFR1OP	0.102299267307724	0.142857142857143	0.122578205082434
79070	79070	KDELC1	0.101763981092607	0.142857142857143	0.122310561974875
7348	7348	UPK1B	0.12108685190727	0.122962005314947	0.122024428611108
55131	55131	RBM28	0.101029020586859	0.142857142857143	0.121943081722001
53371	53371	NUP54	0.100439250169691	0.142857142857143	0.121648196513417
80267	80267	EDEM3	0.100345156202776	0.142857142857143	0.121601149529959
219285	219285	SAMD9L	0.0886629435115203	0.154405614135273	0.121534278823397
91754	91754	NEK9	0.0999455704203123	0.142857142857143	0.121401356638728
9955	9955	HS3ST3A1	0.0900579019800614	0.151942863550435	0.121000382765248
10632	10632	ATP5L	0.0991081999793745	0.142857142857143	0.120982671418259
114132	114132	SIGLEC11	0.101208496415266	0.140625	0.120916748207633
10270	10270	AKAP8	0.0986972115492452	0.142857142857143	0.120777177203194
26058	26058	GIGYF2	0.0986732191717873	0.142857142857143	0.120765181014465
5563	5563	PRKAA2	0.136403909815038	0.104862457803634	0.120633183809336
55937	55937	APOM	0.172692331883363	0.0683362637415812	0.120514297812472
11064	11064	CNTRL	0.0980496275169332	0.142857142857143	0.120453385187038
25980	25980	AAR2	0.0974320498291488	0.142857142857143	0.120144596343146
6444	6444	SGCD	0.156552560488876	0.0833333333333334	0.119942946911105
7879	7879	RAB7A	0.0967597034776461	0.142857142857143	0.119808423167395
29880	29880	ALG5	0.0965054854188007	0.142857142857143	0.119681314137972
25831	25831	HECTD1	0.095763106805007	0.142857142857143	0.119310124831075
55450	55450	CAMK2N1	0.111015998027541	0.127604166666667	0.119310082347104
7169	7169	TPM2	0.164964207399215	0.0732886904761905	0.119126448937702
4781	4781	NFIB	0.121745280399748	0.116497881203764	0.119121580801756
55116	55116	TMEM39B	0.0949925968831945	0.142857142857143	0.118924869870169
64432	64432	MRPS25	0.0946165323294521	0.142857142857143	0.118736837593297
51248	51248	PDZD11	0.0945524261598955	0.142857142857143	0.118704784508519
54480	54480	CHPF2	0.0945257932479204	0.142857142857143	0.118691468052532
131405	131405	TRIM71	0.0327515781312257	0.204613095238095	0.11868233668466
26355	26355	FAM162A	0.093362221367963	0.142857142857143	0.118109682112553
118932	118932	ANKRD22	0.0875150374378423	0.147984757488592	0.117749897463217
9653	9653	HS2ST1	0.0926319015475066	0.142857142857143	0.117744522202325
5737	5737	PTGFR	0.124670469962886	0.110751993104934	0.11771123153391
10219	10219	KLRG1	0.153481835264782	0.0818452380952381	0.11766353668001
26993	26993	AKAP8L	0.0922266869840629	0.142857142857143	0.117541914920603
51361	51361	HOOK1	0.0919737807607938	0.142857142857143	0.117415461808968
162427	162427	FAM134C	0.0916004301073332	0.142857142857143	0.117228786482238
10890	10890	RAB10	0.0913151487558626	0.142857142857143	0.117086145806503
7812	7812	CSDE1	0.0910569912782916	0.142857142857143	0.116957067067717
84659	84659	RNASE7	0.047719933560508	0.186166774402069	0.116943353981288
152789	152789	JAKMIP1	0.0904696913060727	0.142857142857143	0.116663417081608
79370	79370	BCL2L14	0.0824971924230625	0.150776307027174	0.116636749725118
7177	7177	TPSAB1	0.0877798003029654	0.14548381582397	0.116631808063468
26515	26515	TIMM10B	0.0903417143830759	0.142857142857143	0.116599428620109
50506	50506	DUOX2	0.111547626551001	0.121381886087768	0.116464756319385
4296	4296	MAP3K11	0.177699097085161	0.055160525748761	0.116429811416961
353345	353345	GPR141	0.042074459938093	0.190499143424726	0.116286801681409
23065	23065	EMC1	0.0894861497389186	0.142857142857143	0.116171646298031
23155	23155	CLCC1	0.0887357155894894	0.142857142857143	0.115796429223316
57153	57153	SLC44A2	0.0880853116151967	0.142857142857143	0.11547122723617
55285	55285	RBM41	0.0877203073967428	0.142857142857143	0.115288725126943
7905	7905	REEP5	0.087321198187905	0.142857142857143	0.115089170522524
26521	26521	TIMM8B	0.087024788978056	0.142857142857143	0.114940965917599
23462	23462	HEY1	0.117482767518933	0.112188465129642	0.114835616324287
22891	22891	ZNF365	0.113868395085504	0.115699404761905	0.114783899923704
79077	79077	DCTPP1	0.0866179145379255	0.142857142857143	0.114737528697534
2819	2819	GPD1	0.168671773027487	0.0603318250377074	0.114501799032597
23177	23177	CEP68	0.0854570384731776	0.142857142857143	0.11415709066516
59340	59340	HRH4	0.0766359794521838	0.15141369047619	0.114024834964187
53942	53942	CNTN5	0.10190465347692	0.12569130216189	0.113797977819405
25924	25924	MYRIP	0.122492187092829	0.104862457803634	0.113677322448232
89874	89874	SLC25A21	0.0841733640196395	0.142857142857143	0.113515253438391
51574	51574	LARP7	0.0839707386148646	0.142857142857143	0.113413940736004
22931	22931	RAB18	0.0838971728889688	0.142857142857143	0.113377157873056
2814	2814	GP5	0.122733621379247	0.103847843663342	0.113290732521295
58155	58155	PTBP2	0.0836380086609285	0.142857142857143	0.113247575759036
94025	94025	MUC16	0.111573011422066	0.114917761976586	0.113245386699326
2064	2064	ERBB2	0.126474771062994	0.1	0.113237385531497
132724	132724	TMPRSS11B	0.0801491134035523	0.145801910507793	0.112975511955673
55829	55829	VIMP	0.0829292774035278	0.142857142857143	0.112893210130335
1535	1535	CYBA	0.170273269619201	0.0550168785462903	0.112645074082746
10558	10558	SPTLC1	0.132370721349792	0.0928571428571429	0.112613932103468
27430	27430	MAT2B	0.0821790300424492	0.142857142857143	0.112518086449796
53841	53841	CDHR5	0.0692932060260665	0.155486551155972	0.112389878591019
60493	60493	FASTKD5	0.0811167709345102	0.142857142857143	0.111986956895827
79731	79731	NARS2	0.081066965550225	0.142857142857143	0.111962054203684
9662	9662	CEP135	0.0809423862533918	0.142857142857143	0.111899764555267
1063	1063	CENPF	0.0805409435258219	0.142857142857143	0.111699043191482
26092	26092	TOR1AIP1	0.0803508352256951	0.142857142857143	0.111603989041419
116987	116987	AGAP1	0.105606268192168	0.116815476190476	0.111210872191322
4683	4683	NBN	0.0945920928576063	0.12764438956692	0.111118241212263
5307	5307	PITX1	0.11493517951281	0.107160813043166	0.111047996277988
79078	79078	C1orf50	0.0787384535093049	0.142857142857143	0.110797798183224
2671	2671	GFER	0.0786034673388955	0.142857142857143	0.110730305098019
10911	10911	UTS2	0.0655648104076261	0.155857214680744	0.110711012544185
2202	2202	EFEMP1	0.150675021388186	0.0703139930246099	0.110494507206398
79178	79178	THTPA	0.0780399556619731	0.142857142857143	0.110448549259558
79983	79983	POF1B	0.114928577480207	0.105293399411046	0.110110988445627
116369	116369	SLC26A8	0.0492806962643251	0.170407035579535	0.10984386592193
8332	8332	HIST1H2AL	0.0798418530869408	0.139768728004022	0.109805290545481
4139	4139	MARK1	0.0767020699409552	0.142857142857143	0.109779606399049
201134	201134	CEP112	0.0766713796110121	0.142857142857143	0.109764261234077
79954	79954	NOL10	0.0764958635082654	0.142857142857143	0.109676503182704
79414	79414	LRFN3	0.0594033449812584	0.159409559931808	0.109406452456533
57222	57222	ERGIC1	0.0754309466479593	0.142857142857143	0.109144044752551
11251	11251	PTGDR2	0.0992591479195081	0.118675595238095	0.108967371578802
10569	10569	SLU7	0.074965285296751	0.142857142857143	0.108911214076947
8864	8864	PER2	0.11067916814274	0.107142857142857	0.108911012642799
283316	283316	CD163L1	0.0697093183490497	0.147693452380952	0.108701385365001
9529	9529	BAG5	0.0740739259264799	0.142857142857143	0.108465534391811
9245	9245	GCNT3	0.0908386824885722	0.125307094549518	0.108072888519045
51010	51010	EXOSC3	0.0723001834207733	0.142857142857143	0.107578663138958
4715	4715	NDUFB9	0.070977316836511	0.142857142857143	0.106917229846827
84858	84858	ZNF503	0.070533961950406	0.142857142857143	0.106695552403774
348110	348110	ARPIN	0.0458763831183055	0.166666666666667	0.106271524892486
51611	51611	DPH5	0.0694628004798031	0.142857142857143	0.106159971668473
79934	79934	ADCK4	0.0694141598957206	0.142857142857143	0.106135651376432
57106	57106	NAT14	0.0688313465723383	0.142857142857143	0.105844244714741
64784	64784	CRTC3	0.0681367159047239	0.142857142857143	0.105496929380933
114569	114569	MAL2	0.101457845633318	0.109459168282698	0.105458506958008
1946	1946	EFNA5	0.106372989642625	0.10453869047619	0.105455840059408
143888	143888	KDELC2	0.0680081793383059	0.142857142857143	0.105432661097724
55027	55027	HEATR3	0.0677875695601965	0.142857142857143	0.10532235620867
79933	79933	SYNPO2L	0.0484865019240237	0.162128265913469	0.105307383918746
220323	220323	OAF	0.059533287334476	0.150670975915364	0.10510213162492
23333	23333	DPY19L1	0.0670495236410753	0.142857142857143	0.104953333249109
54477	54477	PLEKHA5	0.0668825165870649	0.142857142857143	0.104869829722104
55206	55206	SBNO1	0.0667660968166161	0.142857142857143	0.104811619836879
3118	3118	HLA-DQA2	0.0377241330478925	0.171502976190476	0.104613554619184
84941	84941	HSH2D	0.0691652539803307	0.139626245441883	0.104395749711107
25921	25921	ZDHHC5	0.0656710031424086	0.142857142857143	0.104264072999776
51393	51393	TRPV2	0.145891313811018	0.0621992386698269	0.104045276240422
113730	113730	KLHDC7B	0.0806580548777964	0.126527673269463	0.10359286407363
79753	79753	SNIP1	0.0642946958970589	0.142857142857143	0.103575919377101
80020	80020	FOXRED2	0.0642014980812481	0.142857142857143	0.103529320469195
57534	57534	MIB1	0.0641356568335135	0.142857142857143	0.103496399845328
25983	25983	NGDN	0.0638554689271548	0.142857142857143	0.103356305892149
9381	9381	OTOF	0.0411514108809569	0.165550595238095	0.103351003059526
64093	64093	SMOC1	0.0631549046846372	0.142857142857143	0.10300602377089
114769	114769	CARD16	0.0679815891544508	0.137932892517058	0.102957240835755
79671	79671	NLRX1	0.0625551058827454	0.142857142857143	0.102706124369944
92840	92840	REEP6	0.0625323613562954	0.142857142857143	0.102694752106719
80222	80222	TARS2	0.0621880377188513	0.142857142857143	0.102522590287997
222584	222584	FAM83B	0.0508427316331101	0.153846153846154	0.102344442739632
56850	56850	GRIPAP1	0.0617262130806283	0.142857142857143	0.102291677968886
91351	91351	DDX60L	0.0545262477864963	0.149604593531053	0.102065420658775
9780	9780	PIEZO1	0.146435155297202	0.0567406449759391	0.101587900136571
11101	11101	ATE1	0.059862847798759	0.142857142857143	0.101359995327951
79656	79656	BEND5	0.0869794365918391	0.115635997988939	0.101307717290389
80213	80213	TM2D3	0.0594223768455333	0.142857142857143	0.101139759851338
55768	55768	NGLY1	0.0583999141388873	0.142857142857143	0.100628528498015
51661	51661	FKBP7	0.0580773077805866	0.142857142857143	0.100467225318865
26519	26519	TIMM10	0.0573241079380639	0.142857142857143	0.100090625397603
23127	23127	COLGALT2	0.125018737475441	0.0751488095238095	0.100083773499625
286343	286343	LURAP1L	0.070296576523672	0.129713423831071	0.100005000177371
27445	27445	PCLO	0.0689101518861769	0.130288012640954	0.0995990822635654
11227	11227	GALNT5	0.04716613677051	0.151835093011564	0.0995006148910368
54602	54602	NDFIP2	0.0559293764539566	0.142857142857143	0.0993932596555498
90134	90134	KCNH7	0.028463208053212	0.168568004082388	0.0985156060677998
151278	151278	CCDC140	0.0202080238273824	0.176540379538672	0.0983742016830271
259197	259197	NCR3	0.122173653477649	0.0736607142857143	0.0979171838816816
79699	79699	ZYG11B	0.052741848761051	0.142857142857143	0.097799495809097
196527	196527	ANO6	0.0519826938339731	0.142857142857143	0.097419918345558
100049587	100049587	SIGLEC14	0	0.194772524926099	0.0973862624630497
7161	7161	TP73	0.0499955068849746	0.142857142857143	0.0964263248710587
22846	22846	VASH1	0.137958295077911	0.0544422897364074	0.0962002924071593
23408	23408	SIRT5	0.049315845491982	0.142857142857143	0.0960864941745625
152503	152503	SH3D19	0.0869658113792912	0.104287868993751	0.0956268401865212
83879	83879	CDCA7	0.0586953942874845	0.132404668148229	0.0955500312178566
10204	10204	NUTF2	0.048152566030618	0.142857142857143	0.0955048544438804
166824	166824	RASSF6	0.0720499298857979	0.118221647633412	0.0951357887596051
576	576	ADGRB2	0.102674663808893	0.0874255952380952	0.095050129523494
5169	5169	ENPP3	0.0531022536803537	0.136904761904762	0.0950035077925578
55676	55676	SLC30A6	0.0464620140352044	0.142857142857143	0.0946595784461736
92105	92105	INTS4	0.0460966567685373	0.142857142857143	0.0944768998128401
51091	51091	SEPSECS	0.0460836232360053	0.142857142857143	0.0944703830465741
113174	113174	SAAL1	0.0457308679795083	0.142857142857143	0.0942940054183256
90580	90580	C19orf52	0.0456054474008071	0.142857142857143	0.094231295128975
10642	10642	IGF2BP1	0.0555010284052387	0.13285577084901	0.0941783996271244
64762	64762	GAREM1	0.083061037151438	0.104862457803634	0.0939617474775361
23086	23086	EXPH5	0.0696317458142702	0.116497881203764	0.0930648135090169
11113	11113	CIT	0.0431225690118982	0.142857142857143	0.0929898559345205
6693	6693	SPN	0.110937019497069	0.074983839689722	0.0929604295933954
148867	148867	SLC30A7	0.0429604932133862	0.142857142857143	0.0929088180352645
131118	131118	DNAJC19	0.0423886792538478	0.142857142857143	0.0926229110554953
126789	126789	PUSL1	0.0422879384879198	0.142857142857143	0.0925725406725313
79877	79877	DCAKD	0.0422172688993203	0.142857142857143	0.0925372058782316
11025	LILRB3	LILRB3	0.0106912710568175	0.174273439556235	0.0924823553065261
220441	220441	RNF152	0.0524262389899791	0.132155426273073	0.0922908326315262
286827	286827	TRIM59	0.0415020129567086	0.142857142857143	0.0921795779069258
10283	10283	CWC27	0.0409808018400974	0.142857142857143	0.0919189723486202
116448	116448	OLIG1	0.0467419749128186	0.137074742690605	0.0919083588017119
2802	GOLGA3	GOLGA3	0.0400454390261842	0.142857142857143	0.0914512909416635
284106	284106	CISD3	0.038580833107966	0.142857142857143	0.0907189879825544
54843	54843	SYTL2	0.104080977145566	0.0770089285714286	0.0905449528584975
53938	53938	PPIL3	0.0377639340068516	0.142857142857143	0.0903105384319972
131540	131540	ZDHHC19	0.0398528368471082	0.139347023505187	0.0895999301761477
94234	94234	FOXQ1	0.0375528939983109	0.141636141636142	0.0895945178172263
157983	157983	C9orf66	0.0161353426786507	0.162153121763822	0.0891442322212361
6512	6512	SLC1A7	0.0470508629175998	0.130952380952381	0.0890016219349904
91942	91942	NDUFAF2	0.0346043149293331	0.142857142857143	0.088730728893238
151188	151188	ARL6IP6	0.034414369591091	0.142857142857143	0.088635756224117
54979	54979	HRASLS2	0.0523753537869745	0.124835553727559	0.0886054537572668
6704	6704	SPRR2E	0.0429033227988757	0.134135013121677	0.0885191679602762
5802	5802	PTPRS	0.0943225523556541	0.0822172619047619	0.088269907130208
55741	55741	EDEM2	0.122067501508658	0.0538677009265245	0.0879676012175912
202018	202018	TAPT1	0.0322116362348287	0.142857142857143	0.0875343895459858
100463498	MTRNR2L12	MTRNR2L12	0	0.174100409394527	0.0870502046972635
284340	284340	CXCL17	0.0640044374475646	0.109459168282698	0.0867318028651312
222553	222553	SLC35F1	0.0432114077365534	0.129743807218976	0.0864776074777647
317772	317772	HIST2H2AB	0.0247494823973301	0.147094735330029	0.0859221088636798
121227	121227	LRIG3	0.0634840969084866	0.10787904905552	0.0856815729820031
10715	10715	CERS1	0.0416783932435957	0.128571428571429	0.0851249109075122
54439	54439	RBM27	0.0273673659469239	0.142857142857143	0.0851122544020334
8345	8345	HIST1H2BH	0.0673645039478129	0.102707749766573	0.0850361268571931
440138	440138	ALG11	0.0265317080490371	0.142857142857143	0.08469442545309
4603	4603	MYBL1	0.080585031317938	0.0881696428571429	0.0843773370875404
160492	160492	LMNTD1	0.0309619970393825	0.137039431157078	0.0840007140982303
128553	128553	TSHZ2	0.0808288617593468	0.0870535714285714	0.0839412165939591
159195	159195	USP54	0.0243163092740746	0.142857142857143	0.0835867260656087
9075	9075	CLDN2	0.0328803682051624	0.133032392898713	0.0829563805519377
387707	387707	CC2D2B	0.0319335490960546	0.133926250780579	0.0829298999383169
145282	145282	MIPOL1	0.022299125108541	0.142857142857143	0.0825781339828419
720	720	C4A	0.0432088456318742	0.121873879442238	0.0825413625370561
767	767	CA8	0.0570799702529867	0.106586224233283	0.0818330972431349
219743	219743	TYSND1	0.0203597763854919	0.142857142857143	0.0816084596213174
169714	169714	QSOX2	0.0193608556069672	0.142857142857143	0.081108999232055
124565	124565	SLC38A10	0.108322009809178	0.0537240537240537	0.0810230317666159
4674	4674	NAP1L2	0.0862594524504157	0.0740327380952381	0.0801460952728269
79674	79674	VEPH1	0.0413973869829617	0.118508942038354	0.0799531645106578
3982	3982	LIM2	0.0701413599050848	0.0896577380952381	0.0798995490001615
285852	285852	TREML4	0.0139230728680931	0.145458185140271	0.0796906290041822
84952	84952	CGNL1	0.0505496341120976	0.108309990662932	0.0794298123875147
94122	94122	SYTL5	0.0261210909420961	0.132299073475544	0.0792100822088201
388336	388336	SHISA6	0.0373701190589599	0.120520002872944	0.078945060965952
90161	90161	HS6ST2	0.0150130142906353	0.142857142857143	0.0789350785738891
9398	9398	CD101	0.104130819782442	0.0530058177117001	0.0785683187470711
30811	30811	HUNK	0.0525198651947563	0.103856927386339	0.0781883962905477
80004	80004	ESRP2	0.0592366882851721	0.0970982142857143	0.0781674512854432
84189	84189	SLITRK6	0.0439404919547297	0.111326581914817	0.0776335369347735
64919	64919	BCL11B	0.0818605143794093	0.0729166666666667	0.077388590523038
2890	2890	GRIA1	0.0760615828784686	0.0785714285714286	0.0773165057249486
83854	83854	ANGPTL6	0.0693553441067638	0.0814732142857143	0.0754142791962391
123872	123872	DNAAF1	0.0115874179831718	0.138361659424977	0.0749745387040746
56243	56243	KIAA1217	0.0438714750138521	0.104287868993751	0.0740796720038017
394263	394263	MUC21	0.0083709615172754	0.139050491991668	0.0737107267544719
8366	8366	HIST1H4B	0.0211721114397365	0.125834949364361	0.0735035304020489
134187	134187	POU5F2	0.0178832241637832	0.127989657401422	0.0729364407826027
9241	9241	NOG	0.0141659288045207	0.12797619047619	0.0710710596403556
100462977	100462977	MTRNR2L1	0.00756252276117064	0.134022839905193	0.0707926813331817
339855	339855	KY	0.0245660725434357	0.116071428571429	0.0703187505574321
58499	58499	ZNF462	0.0239632329553186	0.11577964519141	0.0698714390733643
AC090498.1	AC090498.1	AC090498.1	0	0.139050491991668	0.0695252459958342
389118	389118	CDHR4	0.0123169585376701	0.126015779125589	0.0691663688316293
100463486	100463486	MTRNR2L8	0	0.135028370322488	0.067514185161244
374403	374403	TBC1D10C	0.0809379195696649	0.053580406521583	0.067259163045624
9560	9560	CCL4L2	0.0134670931834873	0.120907738095238	0.0671874156393627
57190	57190	SEPN1	0.0779119629137466	0.0530058177117001	0.0654588903127233
122046	122046	TEX26	0.0248962830511816	0.105437046613517	0.0651666648323494
85414	85414	SLC45A3	0.041554694133375	0.0877976190476191	0.064676156590497
51548	51548	SIRT6	0.0601137213662319	0.0642857142857143	0.0621997178259731
222389	222389	BEND7	0.018369240957163	0.104431516196222	0.0614003785766925
51438	51438	MAGEC2	0.046433873232048	0.0762648809523809	0.0613493770922145
284361	284361	EMC10	0.0620983559525625	0.0532931121166415	0.057695734034602
146225	146225	CMTM2	0.0171902519169344	0.0978422619047619	0.0575162569108481
254102	254102	EHBP1L1	0.0580529155312261	0.0530058177117001	0.0555293666214631
57595	57595	PDZD4	0.0289425936069447	0.079985119047619	0.0544638563272819
653082	ZDHHC11B	ZDHHC11B	0	0.107514880952381	0.0537574404761905
84875	84875	PARP10	0.0498153233522979	0.0571715865833513	0.0534934549678246
57010	57010	CABP4	0.0316907507001621	0.0740327380952381	0.0528617443977001
91663	91663	MYADM	0.0397582219769343	0.0576025281907635	0.0486803750838489
4541	4541	MT-ND6	0.0164817152402272	0.0807291666666667	0.0486054409534469
400668	400668	PRSS57	0.0133519500786244	0.0837053571428572	0.0485286536107408
147646	147646	C19orf84	0.00860750818784801	0.0855654761904762	0.0470864921891621
3811	KIR3DL1	KIR3DL1	0.00236455124784178	0.0892857142857143	0.045825132766778
729830	729830	FAM160A1	0.00547629615714939	0.0822172619047619	0.0438467790309557
284194	LGALS9B	LGALS9B	0	0.0807291666666667	0.0403645833333333
401562	401562	LCNL1	0.00156663063566777	0.0784970238095238	0.0400318272225958
